[
    {
      "suit": "hearts",
      "name": 2,
      "value": 2,
      "ascii": " _____\n|2   ♥|\n|  ^  |\n|     |\n|  ^  |\n|♥___2|"
    },
    {
      "suit": "hearts",
      "name": 3,
      "value": 3,
      "ascii": " _____\n|3   ♥|\n|  ^  |\n|     |\n|  ^  |\n|♥___3|"
    },
    {
      "suit": "hearts",
      "name": 4,
      "value": 4,
      "ascii": " _____\n|4   ♥|\n|  ^  |\n|     |\n|  ^  |\n|♥___4|"
    },
    {
      "suit": "hearts",
      "name": 5,
      "value": 5,
      "ascii": " _____\n|5   ♥|\n|  ^  |\n|     |\n|  ^  |\n|♥___5|"
    },
    {
      "suit": "hearts",
      "name": 6,
      "value": 6,
      "ascii": " _____\n|6   ♥|\n|  ^  |\n|     |\n|  ^  |\n|♥___6|"
    },
    {
      "suit": "hearts",
      "name": 7,
      "value": 7,
      "ascii": " _____\n|7   ♥|\n|  ^  |\n|     |\n|  ^  |\n|♥___7|"
    },
    {
      "suit": "hearts",
      "name": 8,
      "value": 8,
      "ascii": " _____\n|8   ♥|\n|  ^  |\n|     |\n|  ^  |\n|♥___8|"
    },
    {
      "suit": "hearts",
      "name": 9,
      "value": 9,
      "ascii": " _____\n|9   ♥|\n|  ^  |\n|     |\n|  ^  |\n|♥___9|"
    },
    {
      "suit": "hearts",
      "name": 10,
      "value": 10,
      "ascii": " _____\n|10  ♥|\n|  ^  |\n|     |\n|  ^  |\n|♥__10|"
    },
    {
      "suit": "hearts",
      "name": "Jack",
      "value": 10,
      "ascii": " _____\n|J   ♥|\n|  ^  |\n|     |\n|  ^  |\n|♥___J|"
    },
    {
      "suit": "hearts",
      "name": "Queen",
      "value": 10,
      "ascii": " _____\n|Q   ♥|\n|  ^  |\n|     |\n|  ^  |\n|♥___Q|"
    },
    {
      "suit": "hearts",
      "name": "King",
      "value": 10,
      "ascii": " _____\n|K   ♥|\n|  ^  |\n|     |\n|  ^  |\n|♥___K|"
    },
    {
      "suit": "hearts",
      "name": "Ace",
      "value": 11,
      "ascii": " _____\n|A   ♥|\n|  ^  |\n|     |\n|  ^  |\n|♥___A|"
    },
    {
      "suit": "diamonds",
      "name": 2,
      "value": 2,
      "ascii": " _____\n|2   ♦|\n|  ^  |\n|     |\n|  ^  |\n|♦___2|"
    },
    {
      "suit": "diamonds",
      "name": 3,
      "value": 3,
      "ascii": " _____\n|3   ♦|\n|  ^  |\n|     |\n|  ^  |\n|♦___3|"
    },
    {
      "suit": "diamonds",
      "name": 4,
      "value": 4,
      "ascii": " _____\n|4   ♦|\n|  ^  |\n|     |\n|  ^  |\n|♦___4|"
    },
    {
      "suit": "diamonds",
      "name": 5,
      "value": 5,
      "ascii": " _____\n|5   ♦|\n|  ^  |\n|     |\n|  ^  |\n|♦___5|"
    },
    {
      "suit": "diamonds",
      "name": 6,
      "value": 6,
      "ascii": " _____\n|6   ♦|\n|  ^  |\n|     |\n|  ^  |\n|♦___6|"
    },
    {
      "suit": "diamonds",
      "name": 7,
      "value": 7,
      "ascii": " _____\n|7   ♦|\n|  ^  |\n|     |\n|  ^  |\n|♦___7|"
    },
    {
      "suit": "diamonds",
      "name": 8,
      "value": 8,
      "ascii": " _____\n|8   ♦|\n|  ^  |\n|     |\n|  ^  |\n|♦___8|"
    },
    {
      "suit": "diamonds",
      "name": 9,
      "value": 9,
      "ascii": " _____\n|9   ♦|\n|  ^  |\n|     |\n|  ^  |\n|♦___9|"
    },
    {
      "suit": "diamonds",
      "name": 10,
      "value": 10,
      "ascii": " _____\n|10  ♦|\n|  ^  |\n|     |\n|  ^  |\n|♦__10|"
    },
    {
      "suit": "diamonds",
      "name": "Jack",
      "value": 10,
      "ascii": " _____\n|J   ♦|\n|  ^  |\n|     |\n|  ^  |\n|♦___J|"
    },
    {
      "suit": "diamonds",
      "name": "Queen",
      "value": 10,
      "ascii": " _____\n|Q   ♦|\n|  ^  |\n|     |\n|  ^  |\n|♦___Q|"
    },
    {
      "suit": "diamonds",
      "name": "King",
      "value": 10,
      "ascii": " _____\n|K   ♦|\n|  ^  |\n|     |\n|  ^  |\n|♦___K|"
    },
    {
      "suit": "diamonds",
      "name": "Ace",
      "value": 11,
      "ascii": " _____\n|A   ♦|\n|  ^  |\n|     |\n|  ^  |\n|♦___A|"
    },
    {
      "suit": "clubs",
      "name": 2,
      "value": 2,
      "ascii": " _____\n|2   ♣|\n|  ^  |\n|     |\n|  ^  |\n|♣___2|"
    },
    {
      "suit": "clubs",
      "name": 3,
      "value": 3,
      "ascii": " _____\n|3   ♣|\n|  ^  |\n|     |\n|  ^  |\n|♣___3|"
    },
    {
      "suit": "clubs",
      "name": 4,
      "value": 4,
      "ascii": " _____\n|4   ♣|\n|  ^  |\n|     |\n|  ^  |\n|♣___4|"
    },
    {
      "suit": "clubs",
      "name": 5,
      "value": 5,
      "ascii": " _____\n|5   ♣|\n|  ^  |\n|     |\n|  ^  |\n|♣___5|"
    },
    {
      "suit": "clubs",
      "name": 6,
      "value": 6,
      "ascii": " _____\n|6   ♣|\n|  ^  |\n|     |\n|  ^  |\n|♣___6|"
    },
    {
      "suit": "clubs",
      "name": 7,
      "value": 7,
      "ascii": " _____\n|7   ♣|\n|  ^  |\n|     |\n|  ^  |\n|♣___7|"
    },
    {
      "suit": "clubs",
      "name": 8,
      "value": 8,
      "ascii": " _____\n|8   ♣|\n|  ^  |\n|     |\n|  ^  |\n|♣___8|"
    },
    {
      "suit": "clubs",
      "name": 9,
      "value": 9,
      "ascii": " _____\n|9   ♣|\n|  ^  |\n|     |\n|  ^  |\n|♣___9|"
    },
    {
      "suit": "clubs",
      "name": 10,
      "value": 10,
      "ascii": " _____\n|10  ♣|\n|  ^  |\n|     |\n|  ^  |\n|♣__10|"
    },
    {
      "suit": "clubs",
      "name": "Jack",
      "value": 10,
      "ascii": " _____\n|J   ♣|\n|  ^  |\n|     |\n|  ^  |\n|♣___J|"
    },
    {
      "suit": "clubs",
      "name": "Queen",
      "value": 10,
      "ascii": " _____\n|Q   ♣|\n|  ^  |\n|     |\n|  ^  |\n|♣___Q|"
    },
    {
      "suit": "clubs",
      "name": "King",
      "value": 10,
      "ascii": " _____\n|K   ♣|\n|  ^  |\n|     |\n|  ^  |\n|♣___K|"
    },
    {
      "suit": "clubs",
      "name": "Ace",
      "value": 11,
      "ascii": " _____\n|A   ♣|\n|  ^  |\n|     |\n|  ^  |\n|♣___A|"
    },
    {
      "suit": "spades",
      "name": 2,
      "value": 2,
      "ascii": " _____\n|2   ♠|\n|  ^  |\n|     |\n|  ^  |\n|♠___2|"
    },
    {
      "suit": "spades",
      "name": 3,
      "value": 3,
      "ascii": " _____\n|3   ♠|\n|  ^  |\n|     |\n|  ^  |\n|♠___3|"
    },
    {
      "suit": "spades",
      "name": 4,      
      "value": 4,
      "ascii": " _____\n|4   ♠|\n|  ^  |\n|     |\n|  ^  |\n|♠___4|"
    },
    {
      "suit": "spades",
      "name": 5,
      "value": 5,
      "ascii": " _____\n|5   ♠|\n|  ^  |\n|     |\n|  ^  |\n|♠___5|"
    },
    {
      "suit": "spades",
      "name": 6,
      "value": 6,
      "ascii": " _____\n|6   ♠|\n|  ^  |\n|     |\n|  ^  |\n|♠___6|"
    },
    {
      "suit": "spades",
      "name": 7,
      "value": 7,
      "ascii": " _____\n|7   ♠|\n|  ^  |\n|     |\n|  ^  |\n|♠___7|"
    },
    {
      "suit": "spades",
      "name": 8,
      "value": 8,
      "ascii": " _____\n|8   ♠|\n|  ^  |\n|     |\n|  ^  |\n|♠___8|"
    },
    {
      "suit": "spades",
      "name": 9,
      "value": 9,
      "ascii": " _____\n|9   ♠|\n|  ^  |\n|     |\n|  ^  |\n|♠___9|"
    },
    {
      "suit": "spades",
      "name": 10,
      "value": 10,
      "ascii": " _____\n|10  ♠|\n|  ^  |\n|     |\n|  ^  |\n|♠__10|"
    },
    {
      "suit": "spades",
      "name": "Jack",
      "value": 10,
      "ascii": " _____\n|J   ♠|\n|  ^  |\n|     |\n|  ^  |\n|♠___J|"
    },
    {
      "suit": "spades",
      "name": "Queen",
      "value": 10,
      "ascii": " _____\n|Q   ♠|\n|  ^  |\n|     |\n|  ^  |\n|♠___Q|"
    },
    {
      "suit": "spades",
      "name": "King",
      "value": 10,
      "ascii": " _____\n|K   ♠|\n|  ^  |\n|     |\n|  ^  |\n|♠___K|"
    },
    {
      "suit": "spades",
      "name": "Ace",
      "value": 11,
      "ascii": " _____\n|A   ♠|\n|  ^  |\n|     |\n|  ^  |\n|♠___A|"
    }
  ]